Socket,Name,Part,IB write (bytes),IB read (bytes),OB read (bytes),OB write (bytes),IOTLB Hit,IOTLB Miss,VT-d CTXT Miss,VT-d L1 Miss,VT-d L2 Miss,VT-d L3 Miss,VT-d Mem Read
Socket0,IIO Stack 0 - CBDMA/DMI,Part0 (1st x16/x8/x4),0,0,0,0,209,0,0,0,0,0,0
Socket0,IIO Stack 0 - CBDMA/DMI,Part1 (2nd x4),12000,0,279,0
Socket0,IIO Stack 0 - CBDMA/DMI,Part2 (2nd x8/3rd x4),0,0,0,0
Socket0,IIO Stack 0 - CBDMA/DMI,Part3 (4th x4),0,0,0,0
Socket0,IIO Stack 1 - PCIe0,Part0 (1st x16/x8/x4),0,0,0,0,0,0,0,0,0,0,0
Socket0,IIO Stack 1 - PCIe0,Part1 (2nd x4),0,0,0,0
Socket0,IIO Stack 1 - PCIe0,Part2 (2nd x8/3rd x4),0,0,0,0
Socket0,IIO Stack 1 - PCIe0,Part3 (4th x4),0,0,0,0
Socket0,IIO Stack 2 - PCIe1,Part0 (1st x16/x8/x4),8051531906,64594697,0,10868279,33140325,3089279,0,335232,308069,1591581,5974906
Socket0,IIO Stack 2 - PCIe1,Part1 (2nd x4),0,0,0,0
Socket0,IIO Stack 2 - PCIe1,Part2 (2nd x8/3rd x4),0,0,0,0
Socket0,IIO Stack 2 - PCIe1,Part3 (4th x4),0,0,0,0
Socket0,IIO Stack 3 - PCIe2,Part0 (1st x16/x8/x4),0,0,0,0,0,0,0,0,0,0,0
Socket0,IIO Stack 3 - PCIe2,Part1 (2nd x4),0,0,0,0
Socket0,IIO Stack 3 - PCIe2,Part2 (2nd x8/3rd x4),0,0,0,0
Socket0,IIO Stack 3 - PCIe2,Part3 (4th x4),0,0,0,0
Socket0,IIO Stack 4 - MCP0,Part0 (1st x16/x8/x4),0,0,0,0,0,0,0,0,0,0,0
Socket0,IIO Stack 4 - MCP0,Part1 (2nd x4),0,0,0,0
Socket0,IIO Stack 4 - MCP0,Part2 (2nd x8/3rd x4),0,0,0,0
Socket0,IIO Stack 4 - MCP0,Part3 (4th x4),0,0,0,0
Socket0,IIO Stack 5 - MCP1,Part0 (1st x16/x8/x4),0,0,0,0,0,0,0,0,0,0,0
Socket0,IIO Stack 5 - MCP1,Part1 (2nd x4),0,0,0,0
Socket0,IIO Stack 5 - MCP1,Part2 (2nd x8/3rd x4),0,0,0,0
Socket0,IIO Stack 5 - MCP1,Part3 (4th x4),0,0,0,0
Socket1,IIO Stack 0 - CBDMA/DMI,Part0 (1st x16/x8/x4),0,0,0,0,0,0,0,0,0,0,0
Socket1,IIO Stack 0 - CBDMA/DMI,Part1 (2nd x4),0,0,0,0
Socket1,IIO Stack 0 - CBDMA/DMI,Part2 (2nd x8/3rd x4),0,0,0,0
Socket1,IIO Stack 0 - CBDMA/DMI,Part3 (4th x4),0,0,0,0
Socket1,IIO Stack 1 - PCIe0,Part0 (1st x16/x8/x4),0,0,0,0,0,0,0,0,0,0,0
Socket1,IIO Stack 1 - PCIe0,Part1 (2nd x4),0,0,0,0
Socket1,IIO Stack 1 - PCIe0,Part2 (2nd x8/3rd x4),0,0,0,0
Socket1,IIO Stack 1 - PCIe0,Part3 (4th x4),0,0,0,0
Socket1,IIO Stack 2 - PCIe1,Part0 (1st x16/x8/x4),0,0,0,0,0,0,0,0,0,0,0
Socket1,IIO Stack 2 - PCIe1,Part1 (2nd x4),0,0,0,0
Socket1,IIO Stack 2 - PCIe1,Part2 (2nd x8/3rd x4),0,0,0,0
Socket1,IIO Stack 2 - PCIe1,Part3 (4th x4),0,0,0,0
Socket1,IIO Stack 3 - PCIe2,Part0 (1st x16/x8/x4),0,0,0,0,0,0,0,0,0,0,0
Socket1,IIO Stack 3 - PCIe2,Part1 (2nd x4),0,0,0,0
Socket1,IIO Stack 3 - PCIe2,Part2 (2nd x8/3rd x4),0,0,0,0
Socket1,IIO Stack 3 - PCIe2,Part3 (4th x4),0,0,0,0
Socket1,IIO Stack 4 - MCP0,Part0 (1st x16/x8/x4),0,0,0,0,0,0,0,0,0,0,0
Socket1,IIO Stack 4 - MCP0,Part1 (2nd x4),0,0,0,0
Socket1,IIO Stack 4 - MCP0,Part2 (2nd x8/3rd x4),0,0,0,0
Socket1,IIO Stack 4 - MCP0,Part3 (4th x4),0,0,0,0
Socket1,IIO Stack 5 - MCP1,Part0 (1st x16/x8/x4),0,0,0,0,0,0,0,0,0,0,0
Socket1,IIO Stack 5 - MCP1,Part1 (2nd x4),0,0,0,0
Socket1,IIO Stack 5 - MCP1,Part2 (2nd x8/3rd x4),0,0,0,0
Socket1,IIO Stack 5 - MCP1,Part3 (4th x4),0,0,0,0
Socket2,IIO Stack 0 - CBDMA/DMI,Part0 (1st x16/x8/x4),0,0,0,0,0,0,0,0,0,0,0
Socket2,IIO Stack 0 - CBDMA/DMI,Part1 (2nd x4),0,0,0,0
Socket2,IIO Stack 0 - CBDMA/DMI,Part2 (2nd x8/3rd x4),0,0,0,0
Socket2,IIO Stack 0 - CBDMA/DMI,Part3 (4th x4),0,0,0,0
Socket2,IIO Stack 1 - PCIe0,Part0 (1st x16/x8/x4),0,0,0,0,0,0,0,0,0,0,0
Socket2,IIO Stack 1 - PCIe0,Part1 (2nd x4),0,0,0,0
Socket2,IIO Stack 1 - PCIe0,Part2 (2nd x8/3rd x4),0,0,0,0
Socket2,IIO Stack 1 - PCIe0,Part3 (4th x4),0,0,0,0
Socket2,IIO Stack 2 - PCIe1,Part0 (1st x16/x8/x4),0,0,0,0,0,0,0,0,0,0,0
Socket2,IIO Stack 2 - PCIe1,Part1 (2nd x4),0,0,0,0
Socket2,IIO Stack 2 - PCIe1,Part2 (2nd x8/3rd x4),0,0,0,0
Socket2,IIO Stack 2 - PCIe1,Part3 (4th x4),0,0,0,0
Socket2,IIO Stack 3 - PCIe2,Part0 (1st x16/x8/x4),0,0,0,0,0,0,0,0,0,0,0
Socket2,IIO Stack 3 - PCIe2,Part1 (2nd x4),0,0,0,0
Socket2,IIO Stack 3 - PCIe2,Part2 (2nd x8/3rd x4),0,0,0,0
Socket2,IIO Stack 3 - PCIe2,Part3 (4th x4),0,0,0,0
Socket2,IIO Stack 4 - MCP0,Part0 (1st x16/x8/x4),0,0,0,0,0,0,0,0,0,0,0
Socket2,IIO Stack 4 - MCP0,Part1 (2nd x4),0,0,0,0
Socket2,IIO Stack 4 - MCP0,Part2 (2nd x8/3rd x4),0,0,0,0
Socket2,IIO Stack 4 - MCP0,Part3 (4th x4),0,0,0,0
Socket2,IIO Stack 5 - MCP1,Part0 (1st x16/x8/x4),0,0,0,0,0,0,0,0,0,0,0
Socket2,IIO Stack 5 - MCP1,Part1 (2nd x4),0,0,0,0
Socket2,IIO Stack 5 - MCP1,Part2 (2nd x8/3rd x4),0,0,0,0
Socket2,IIO Stack 5 - MCP1,Part3 (4th x4),0,0,0,0
Socket3,IIO Stack 0 - CBDMA/DMI,Part0 (1st x16/x8/x4),0,0,0,0,0,0,0,0,0,0,0
Socket3,IIO Stack 0 - CBDMA/DMI,Part1 (2nd x4),0,0,0,0
Socket3,IIO Stack 0 - CBDMA/DMI,Part2 (2nd x8/3rd x4),0,0,0,0
Socket3,IIO Stack 0 - CBDMA/DMI,Part3 (4th x4),0,0,0,0
Socket3,IIO Stack 1 - PCIe0,Part0 (1st x16/x8/x4),0,0,0,0,0,0,0,0,0,0,0
Socket3,IIO Stack 1 - PCIe0,Part1 (2nd x4),0,0,0,0
Socket3,IIO Stack 1 - PCIe0,Part2 (2nd x8/3rd x4),0,0,0,0
Socket3,IIO Stack 1 - PCIe0,Part3 (4th x4),0,0,0,0
Socket3,IIO Stack 2 - PCIe1,Part0 (1st x16/x8/x4),0,0,0,0,0,0,0,0,0,0,0
Socket3,IIO Stack 2 - PCIe1,Part1 (2nd x4),0,0,0,0
Socket3,IIO Stack 2 - PCIe1,Part2 (2nd x8/3rd x4),0,0,0,0
Socket3,IIO Stack 2 - PCIe1,Part3 (4th x4),0,0,0,0
Socket3,IIO Stack 3 - PCIe2,Part0 (1st x16/x8/x4),0,0,0,0,0,0,0,0,0,0,0
Socket3,IIO Stack 3 - PCIe2,Part1 (2nd x4),0,0,0,0
Socket3,IIO Stack 3 - PCIe2,Part2 (2nd x8/3rd x4),0,0,0,0
Socket3,IIO Stack 3 - PCIe2,Part3 (4th x4),0,0,0,0
Socket3,IIO Stack 4 - MCP0,Part0 (1st x16/x8/x4),0,0,0,0,0,0,0,0,0,0,0
Socket3,IIO Stack 4 - MCP0,Part1 (2nd x4),0,0,0,0
Socket3,IIO Stack 4 - MCP0,Part2 (2nd x8/3rd x4),0,0,0,0
Socket3,IIO Stack 4 - MCP0,Part3 (4th x4),0,0,0,0
Socket3,IIO Stack 5 - MCP1,Part0 (1st x16/x8/x4),0,0,0,0,0,0,0,0,0,0,0
Socket3,IIO Stack 5 - MCP1,Part1 (2nd x4),0,0,0,0
Socket3,IIO Stack 5 - MCP1,Part2 (2nd x8/3rd x4),0,0,0,0
Socket3,IIO Stack 5 - MCP1,Part3 (4th x4),0,0,0,0
Socket,Name,Part,IB write (bytes),IB read (bytes),OB read (bytes),OB write (bytes),IOTLB Hit,IOTLB Miss,VT-d CTXT Miss,VT-d L1 Miss,VT-d L2 Miss,VT-d L3 Miss,VT-d Mem Read
Socket0,IIO Stack 0 - CBDMA/DMI,Part0 (1st x16/x8/x4),0,0,0,0,0,0,0,0,0,0,0
Socket0,IIO Stack 0 - CBDMA/DMI,Part1 (2nd x4),0,0,279,0
Socket0,IIO Stack 0 - CBDMA/DMI,Part2 (2nd x8/3rd x4),0,0,0,0
Socket0,IIO Stack 0 - CBDMA/DMI,Part3 (4th x4),0,0,0,0
Socket0,IIO Stack 1 - PCIe0,Part0 (1st x16/x8/x4),0,0,0,0,0,0,0,0,0,0,0
Socket0,IIO Stack 1 - PCIe0,Part1 (2nd x4),0,0,0,0
Socket0,IIO Stack 1 - PCIe0,Part2 (2nd x8/3rd x4),0,0,0,0
Socket0,IIO Stack 1 - PCIe0,Part3 (4th x4),0,0,0,0
Socket0,IIO Stack 2 - PCIe1,Part0 (1st x16/x8/x4),8113753302,65276558,651,9947534,33401232,3467372,0,311953,291953,1604883,5814767
Socket0,IIO Stack 2 - PCIe1,Part1 (2nd x4),0,0,0,0
Socket0,IIO Stack 2 - PCIe1,Part2 (2nd x8/3rd x4),0,0,0,0
Socket0,IIO Stack 2 - PCIe1,Part3 (4th x4),0,0,0,0
Socket0,IIO Stack 3 - PCIe2,Part0 (1st x16/x8/x4),0,0,0,0,0,0,0,0,0,0,0
Socket0,IIO Stack 3 - PCIe2,Part1 (2nd x4),0,0,0,0
Socket0,IIO Stack 3 - PCIe2,Part2 (2nd x8/3rd x4),0,0,0,0
Socket0,IIO Stack 3 - PCIe2,Part3 (4th x4),0,0,0,0
Socket0,IIO Stack 4 - MCP0,Part0 (1st x16/x8/x4),0,0,0,0,0,0,0,0,0,0,0
Socket0,IIO Stack 4 - MCP0,Part1 (2nd x4),0,0,0,0
Socket0,IIO Stack 4 - MCP0,Part2 (2nd x8/3rd x4),0,0,0,0
Socket0,IIO Stack 4 - MCP0,Part3 (4th x4),0,0,0,0
Socket0,IIO Stack 5 - MCP1,Part0 (1st x16/x8/x4),0,0,0,0,0,0,0,0,0,0,0
Socket0,IIO Stack 5 - MCP1,Part1 (2nd x4),0,0,0,0
Socket0,IIO Stack 5 - MCP1,Part2 (2nd x8/3rd x4),0,0,0,0
Socket0,IIO Stack 5 - MCP1,Part3 (4th x4),0,0,0,0
Socket1,IIO Stack 0 - CBDMA/DMI,Part0 (1st x16/x8/x4),0,0,0,0,0,0,0,0,0,0,0
Socket1,IIO Stack 0 - CBDMA/DMI,Part1 (2nd x4),0,0,0,0
Socket1,IIO Stack 0 - CBDMA/DMI,Part2 (2nd x8/3rd x4),0,0,0,0
Socket1,IIO Stack 0 - CBDMA/DMI,Part3 (4th x4),0,0,0,0
Socket1,IIO Stack 1 - PCIe0,Part0 (1st x16/x8/x4),0,0,0,0,0,0,0,0,0,0,0
Socket1,IIO Stack 1 - PCIe0,Part1 (2nd x4),0,0,0,0
Socket1,IIO Stack 1 - PCIe0,Part2 (2nd x8/3rd x4),0,0,0,0
Socket1,IIO Stack 1 - PCIe0,Part3 (4th x4),0,0,0,0
Socket1,IIO Stack 2 - PCIe1,Part0 (1st x16/x8/x4),0,0,0,0,0,0,0,0,0,0,0
Socket1,IIO Stack 2 - PCIe1,Part1 (2nd x4),0,0,0,0
Socket1,IIO Stack 2 - PCIe1,Part2 (2nd x8/3rd x4),0,0,0,0
Socket1,IIO Stack 2 - PCIe1,Part3 (4th x4),0,0,0,0
Socket1,IIO Stack 3 - PCIe2,Part0 (1st x16/x8/x4),0,0,0,0,0,0,0,0,0,0,0
Socket1,IIO Stack 3 - PCIe2,Part1 (2nd x4),0,0,0,0
Socket1,IIO Stack 3 - PCIe2,Part2 (2nd x8/3rd x4),0,0,0,0
Socket1,IIO Stack 3 - PCIe2,Part3 (4th x4),0,0,0,0
Socket1,IIO Stack 4 - MCP0,Part0 (1st x16/x8/x4),0,0,0,0,0,0,0,0,0,0,0
Socket1,IIO Stack 4 - MCP0,Part1 (2nd x4),0,0,0,0
Socket1,IIO Stack 4 - MCP0,Part2 (2nd x8/3rd x4),0,0,0,0
Socket1,IIO Stack 4 - MCP0,Part3 (4th x4),0,0,0,0
Socket1,IIO Stack 5 - MCP1,Part0 (1st x16/x8/x4),0,0,0,0,0,0,0,0,0,0,0
Socket1,IIO Stack 5 - MCP1,Part1 (2nd x4),0,0,0,0
Socket1,IIO Stack 5 - MCP1,Part2 (2nd x8/3rd x4),0,0,0,0
Socket1,IIO Stack 5 - MCP1,Part3 (4th x4),0,0,0,0
Socket2,IIO Stack 0 - CBDMA/DMI,Part0 (1st x16/x8/x4),0,0,0,0,0,0,0,0,0,0,0
Socket2,IIO Stack 0 - CBDMA/DMI,Part1 (2nd x4),0,0,0,0
Socket2,IIO Stack 0 - CBDMA/DMI,Part2 (2nd x8/3rd x4),0,0,0,0
Socket2,IIO Stack 0 - CBDMA/DMI,Part3 (4th x4),0,0,0,0
Socket2,IIO Stack 1 - PCIe0,Part0 (1st x16/x8/x4),0,0,0,0,0,0,0,0,0,0,0
Socket2,IIO Stack 1 - PCIe0,Part1 (2nd x4),0,0,0,0
Socket2,IIO Stack 1 - PCIe0,Part2 (2nd x8/3rd x4),0,0,0,0
Socket2,IIO Stack 1 - PCIe0,Part3 (4th x4),0,0,0,0
Socket2,IIO Stack 2 - PCIe1,Part0 (1st x16/x8/x4),0,0,0,0,0,0,0,0,0,0,0
Socket2,IIO Stack 2 - PCIe1,Part1 (2nd x4),0,0,0,0
Socket2,IIO Stack 2 - PCIe1,Part2 (2nd x8/3rd x4),0,0,0,0
Socket2,IIO Stack 2 - PCIe1,Part3 (4th x4),0,0,0,0
Socket2,IIO Stack 3 - PCIe2,Part0 (1st x16/x8/x4),0,0,0,0,0,0,0,0,0,0,0
Socket2,IIO Stack 3 - PCIe2,Part1 (2nd x4),0,0,0,0
Socket2,IIO Stack 3 - PCIe2,Part2 (2nd x8/3rd x4),0,0,0,0
Socket2,IIO Stack 3 - PCIe2,Part3 (4th x4),0,0,0,0
Socket2,IIO Stack 4 - MCP0,Part0 (1st x16/x8/x4),0,0,0,0,0,0,0,0,0,0,0
Socket2,IIO Stack 4 - MCP0,Part1 (2nd x4),0,0,0,0
Socket2,IIO Stack 4 - MCP0,Part2 (2nd x8/3rd x4),0,0,0,0
Socket2,IIO Stack 4 - MCP0,Part3 (4th x4),0,0,0,0
Socket2,IIO Stack 5 - MCP1,Part0 (1st x16/x8/x4),0,0,0,0,0,0,0,0,0,0,0
Socket2,IIO Stack 5 - MCP1,Part1 (2nd x4),0,0,0,0
Socket2,IIO Stack 5 - MCP1,Part2 (2nd x8/3rd x4),0,0,0,0
Socket2,IIO Stack 5 - MCP1,Part3 (4th x4),0,0,0,0
Socket3,IIO Stack 0 - CBDMA/DMI,Part0 (1st x16/x8/x4),0,0,0,0,0,0,0,0,0,0,0
Socket3,IIO Stack 0 - CBDMA/DMI,Part1 (2nd x4),0,0,0,0
Socket3,IIO Stack 0 - CBDMA/DMI,Part2 (2nd x8/3rd x4),0,0,0,0
Socket3,IIO Stack 0 - CBDMA/DMI,Part3 (4th x4),0,0,0,0
Socket3,IIO Stack 1 - PCIe0,Part0 (1st x16/x8/x4),0,0,0,0,0,0,0,0,0,0,0
Socket3,IIO Stack 1 - PCIe0,Part1 (2nd x4),0,0,0,0
Socket3,IIO Stack 1 - PCIe0,Part2 (2nd x8/3rd x4),0,0,0,0
Socket3,IIO Stack 1 - PCIe0,Part3 (4th x4),0,0,0,0
Socket3,IIO Stack 2 - PCIe1,Part0 (1st x16/x8/x4),0,0,0,0,0,0,0,0,0,0,0
Socket3,IIO Stack 2 - PCIe1,Part1 (2nd x4),0,0,0,0
Socket3,IIO Stack 2 - PCIe1,Part2 (2nd x8/3rd x4),0,0,0,0
Socket3,IIO Stack 2 - PCIe1,Part3 (4th x4),0,0,0,0
Socket3,IIO Stack 3 - PCIe2,Part0 (1st x16/x8/x4),0,0,0,0,0,0,0,0,0,0,0
Socket3,IIO Stack 3 - PCIe2,Part1 (2nd x4),0,0,0,0
Socket3,IIO Stack 3 - PCIe2,Part2 (2nd x8/3rd x4),0,0,0,0
Socket3,IIO Stack 3 - PCIe2,Part3 (4th x4),0,0,0,0
Socket3,IIO Stack 4 - MCP0,Part0 (1st x16/x8/x4),0,0,0,0,0,0,0,0,0,0,0
Socket3,IIO Stack 4 - MCP0,Part1 (2nd x4),0,0,0,0
Socket3,IIO Stack 4 - MCP0,Part2 (2nd x8/3rd x4),0,0,0,0
Socket3,IIO Stack 4 - MCP0,Part3 (4th x4),0,0,0,0
Socket3,IIO Stack 5 - MCP1,Part0 (1st x16/x8/x4),0,0,0,0,0,0,0,0,0,0,0
Socket3,IIO Stack 5 - MCP1,Part1 (2nd x4),0,0,0,0
Socket3,IIO Stack 5 - MCP1,Part2 (2nd x8/3rd x4),0,0,0,0
Socket3,IIO Stack 5 - MCP1,Part3 (4th x4),0,0,0,0
Socket,Name,Part,IB write (bytes),IB read (bytes),OB read (bytes),OB write (bytes),IOTLB Hit,IOTLB Miss,VT-d CTXT Miss,VT-d L1 Miss,VT-d L2 Miss,VT-d L3 Miss,VT-d Mem Read
Socket0,IIO Stack 0 - CBDMA/DMI,Part0 (1st x16/x8/x4),0,0,0,0,69,0,0,0,0,0,0
Socket0,IIO Stack 0 - CBDMA/DMI,Part1 (2nd x4),0,2976,0,0
Socket0,IIO Stack 0 - CBDMA/DMI,Part2 (2nd x8/3rd x4),0,0,0,0
Socket0,IIO Stack 0 - CBDMA/DMI,Part3 (4th x4),190511,0,0,0
Socket0,IIO Stack 1 - PCIe0,Part0 (1st x16/x8/x4),0,0,0,0,0,0,0,0,0,0,0
Socket0,IIO Stack 1 - PCIe0,Part1 (2nd x4),0,0,0,0
Socket0,IIO Stack 1 - PCIe0,Part2 (2nd x8/3rd x4),0,0,0,0
Socket0,IIO Stack 1 - PCIe0,Part3 (4th x4),0,0,0,0
Socket0,IIO Stack 2 - PCIe1,Part0 (1st x16/x8/x4),8144455441,68409674,0,13294325,33651069,3278604,0,306395,323837,1723744,6164093
Socket0,IIO Stack 2 - PCIe1,Part1 (2nd x4),0,0,0,0
Socket0,IIO Stack 2 - PCIe1,Part2 (2nd x8/3rd x4),0,0,0,0
Socket0,IIO Stack 2 - PCIe1,Part3 (4th x4),0,0,0,0
Socket0,IIO Stack 3 - PCIe2,Part0 (1st x16/x8/x4),0,0,0,0,0,0,0,0,0,0,0
Socket0,IIO Stack 3 - PCIe2,Part1 (2nd x4),0,0,0,0
Socket0,IIO Stack 3 - PCIe2,Part2 (2nd x8/3rd x4),0,0,0,0
Socket0,IIO Stack 3 - PCIe2,Part3 (4th x4),0,0,0,0
Socket0,IIO Stack 4 - MCP0,Part0 (1st x16/x8/x4),0,0,0,0,0,0,0,0,0,0,0
Socket0,IIO Stack 4 - MCP0,Part1 (2nd x4),0,0,0,0
Socket0,IIO Stack 4 - MCP0,Part2 (2nd x8/3rd x4),0,0,0,0
Socket0,IIO Stack 4 - MCP0,Part3 (4th x4),0,0,0,0
Socket0,IIO Stack 5 - MCP1,Part0 (1st x16/x8/x4),0,0,0,0,0,0,0,0,0,0,0
Socket0,IIO Stack 5 - MCP1,Part1 (2nd x4),0,0,0,0
Socket0,IIO Stack 5 - MCP1,Part2 (2nd x8/3rd x4),0,0,0,0
Socket0,IIO Stack 5 - MCP1,Part3 (4th x4),0,0,0,0
Socket1,IIO Stack 0 - CBDMA/DMI,Part0 (1st x16/x8/x4),0,0,0,0,0,0,0,0,0,0,0
Socket1,IIO Stack 0 - CBDMA/DMI,Part1 (2nd x4),0,0,0,0
Socket1,IIO Stack 0 - CBDMA/DMI,Part2 (2nd x8/3rd x4),0,0,0,0
Socket1,IIO Stack 0 - CBDMA/DMI,Part3 (4th x4),0,0,0,0
Socket1,IIO Stack 1 - PCIe0,Part0 (1st x16/x8/x4),0,0,0,0,0,0,0,0,0,0,0
Socket1,IIO Stack 1 - PCIe0,Part1 (2nd x4),0,0,0,0
Socket1,IIO Stack 1 - PCIe0,Part2 (2nd x8/3rd x4),0,0,0,0
Socket1,IIO Stack 1 - PCIe0,Part3 (4th x4),0,0,0,0
Socket1,IIO Stack 2 - PCIe1,Part0 (1st x16/x8/x4),0,0,0,0,0,0,0,0,0,0,0
Socket1,IIO Stack 2 - PCIe1,Part1 (2nd x4),0,0,0,0
Socket1,IIO Stack 2 - PCIe1,Part2 (2nd x8/3rd x4),0,0,0,0
Socket1,IIO Stack 2 - PCIe1,Part3 (4th x4),0,0,0,0
Socket1,IIO Stack 3 - PCIe2,Part0 (1st x16/x8/x4),0,0,0,0,0,0,0,0,0,0,0
Socket1,IIO Stack 3 - PCIe2,Part1 (2nd x4),0,0,0,0
Socket1,IIO Stack 3 - PCIe2,Part2 (2nd x8/3rd x4),0,0,0,0
Socket1,IIO Stack 3 - PCIe2,Part3 (4th x4),0,0,0,0
Socket1,IIO Stack 4 - MCP0,Part0 (1st x16/x8/x4),0,0,0,0,0,0,0,0,0,0,0
Socket1,IIO Stack 4 - MCP0,Part1 (2nd x4),0,0,0,0
Socket1,IIO Stack 4 - MCP0,Part2 (2nd x8/3rd x4),0,0,0,0
Socket1,IIO Stack 4 - MCP0,Part3 (4th x4),0,0,0,0
Socket1,IIO Stack 5 - MCP1,Part0 (1st x16/x8/x4),0,0,0,0,0,0,0,0,0,0,0
Socket1,IIO Stack 5 - MCP1,Part1 (2nd x4),0,0,0,0
Socket1,IIO Stack 5 - MCP1,Part2 (2nd x8/3rd x4),0,0,0,0
Socket1,IIO Stack 5 - MCP1,Part3 (4th x4),0,0,0,0
Socket2,IIO Stack 0 - CBDMA/DMI,Part0 (1st x16/x8/x4),0,0,0,0,0,0,0,0,0,0,0
Socket2,IIO Stack 0 - CBDMA/DMI,Part1 (2nd x4),0,0,0,0
Socket2,IIO Stack 0 - CBDMA/DMI,Part2 (2nd x8/3rd x4),0,0,0,0
Socket2,IIO Stack 0 - CBDMA/DMI,Part3 (4th x4),0,0,0,0
Socket2,IIO Stack 1 - PCIe0,Part0 (1st x16/x8/x4),0,0,0,0,0,0,0,0,0,0,0
Socket2,IIO Stack 1 - PCIe0,Part1 (2nd x4),0,0,0,0
Socket2,IIO Stack 1 - PCIe0,Part2 (2nd x8/3rd x4),0,0,0,0
Socket2,IIO Stack 1 - PCIe0,Part3 (4th x4),0,0,0,0
Socket2,IIO Stack 2 - PCIe1,Part0 (1st x16/x8/x4),0,0,0,0,0,0,0,0,0,0,0
Socket2,IIO Stack 2 - PCIe1,Part1 (2nd x4),0,0,0,0
Socket2,IIO Stack 2 - PCIe1,Part2 (2nd x8/3rd x4),0,0,0,0
Socket2,IIO Stack 2 - PCIe1,Part3 (4th x4),0,0,0,0
Socket2,IIO Stack 3 - PCIe2,Part0 (1st x16/x8/x4),0,0,0,0,0,0,0,0,0,0,0
Socket2,IIO Stack 3 - PCIe2,Part1 (2nd x4),0,0,0,0
Socket2,IIO Stack 3 - PCIe2,Part2 (2nd x8/3rd x4),0,0,0,0
Socket2,IIO Stack 3 - PCIe2,Part3 (4th x4),0,0,0,0
Socket2,IIO Stack 4 - MCP0,Part0 (1st x16/x8/x4),0,0,0,0,0,0,0,0,0,0,0
Socket2,IIO Stack 4 - MCP0,Part1 (2nd x4),0,0,0,0
Socket2,IIO Stack 4 - MCP0,Part2 (2nd x8/3rd x4),0,0,0,0
Socket2,IIO Stack 4 - MCP0,Part3 (4th x4),0,0,0,0
Socket2,IIO Stack 5 - MCP1,Part0 (1st x16/x8/x4),0,0,0,0,0,0,0,0,0,0,0
Socket2,IIO Stack 5 - MCP1,Part1 (2nd x4),0,0,0,0
Socket2,IIO Stack 5 - MCP1,Part2 (2nd x8/3rd x4),0,0,0,0
Socket2,IIO Stack 5 - MCP1,Part3 (4th x4),0,0,0,0
Socket3,IIO Stack 0 - CBDMA/DMI,Part0 (1st x16/x8/x4),0,0,0,0,0,0,0,0,0,0,0
Socket3,IIO Stack 0 - CBDMA/DMI,Part1 (2nd x4),0,0,0,0
Socket3,IIO Stack 0 - CBDMA/DMI,Part2 (2nd x8/3rd x4),0,0,0,0
Socket3,IIO Stack 0 - CBDMA/DMI,Part3 (4th x4),0,0,0,0
Socket3,IIO Stack 1 - PCIe0,Part0 (1st x16/x8/x4),0,0,0,0,0,0,0,0,0,0,0
Socket3,IIO Stack 1 - PCIe0,Part1 (2nd x4),0,0,0,0
Socket3,IIO Stack 1 - PCIe0,Part2 (2nd x8/3rd x4),0,0,0,0
Socket3,IIO Stack 1 - PCIe0,Part3 (4th x4),0,0,0,0
Socket3,IIO Stack 2 - PCIe1,Part0 (1st x16/x8/x4),0,0,0,0,0,0,0,0,0,0,0
Socket3,IIO Stack 2 - PCIe1,Part1 (2nd x4),0,0,0,0
Socket3,IIO Stack 2 - PCIe1,Part2 (2nd x8/3rd x4),0,0,0,0
Socket3,IIO Stack 2 - PCIe1,Part3 (4th x4),0,0,0,0
Socket3,IIO Stack 3 - PCIe2,Part0 (1st x16/x8/x4),0,0,0,0,0,0,0,0,0,0,0
Socket3,IIO Stack 3 - PCIe2,Part1 (2nd x4),0,0,0,0
Socket3,IIO Stack 3 - PCIe2,Part2 (2nd x8/3rd x4),0,0,0,0
Socket3,IIO Stack 3 - PCIe2,Part3 (4th x4),0,0,0,0
Socket3,IIO Stack 4 - MCP0,Part0 (1st x16/x8/x4),0,0,0,0,0,0,0,0,0,0,0
Socket3,IIO Stack 4 - MCP0,Part1 (2nd x4),0,0,0,0
Socket3,IIO Stack 4 - MCP0,Part2 (2nd x8/3rd x4),0,0,0,0
Socket3,IIO Stack 4 - MCP0,Part3 (4th x4),0,0,0,0
Socket3,IIO Stack 5 - MCP1,Part0 (1st x16/x8/x4),0,0,0,0,0,0,0,0,0,0,0
Socket3,IIO Stack 5 - MCP1,Part1 (2nd x4),0,0,0,0
Socket3,IIO Stack 5 - MCP1,Part2 (2nd x8/3rd x4),0,0,0,0
Socket3,IIO Stack 5 - MCP1,Part3 (4th x4),0,0,0,0
Socket,Name,Part,IB write (bytes),IB read (bytes),OB read (bytes),OB write (bytes),IOTLB Hit,IOTLB Miss,VT-d CTXT Miss,VT-d L1 Miss,VT-d L2 Miss,VT-d L3 Miss,VT-d Mem Read
Socket0,IIO Stack 0 - CBDMA/DMI,Part0 (1st x16/x8/x4),0,0,0,0,0,0,0,0,0,0,0
Socket0,IIO Stack 0 - CBDMA/DMI,Part1 (2nd x4),0,0,0,186
Socket0,IIO Stack 0 - CBDMA/DMI,Part2 (2nd x8/3rd x4),0,0,0,0
Socket0,IIO Stack 0 - CBDMA/DMI,Part3 (4th x4),95255,0,0,0
Socket0,IIO Stack 1 - PCIe0,Part0 (1st x16/x8/x4),0,0,0,0,0,0,0,0,0,0,0
Socket0,IIO Stack 1 - PCIe0,Part1 (2nd x4),0,0,0,0
Socket0,IIO Stack 1 - PCIe0,Part2 (2nd x8/3rd x4),0,0,0,0
Socket0,IIO Stack 1 - PCIe0,Part3 (4th x4),0,0,0,0
Socket0,IIO Stack 2 - PCIe1,Part0 (1st x16/x8/x4),8000069953,71538511,0,11873302,34124976,3541488,0,300232,303883,1671837,5686581
Socket0,IIO Stack 2 - PCIe1,Part1 (2nd x4),0,0,0,0
Socket0,IIO Stack 2 - PCIe1,Part2 (2nd x8/3rd x4),0,0,0,0
Socket0,IIO Stack 2 - PCIe1,Part3 (4th x4),0,0,0,0
Socket0,IIO Stack 3 - PCIe2,Part0 (1st x16/x8/x4),0,0,0,0,0,0,0,0,0,0,0
Socket0,IIO Stack 3 - PCIe2,Part1 (2nd x4),0,0,0,0
Socket0,IIO Stack 3 - PCIe2,Part2 (2nd x8/3rd x4),0,0,0,0
Socket0,IIO Stack 3 - PCIe2,Part3 (4th x4),0,0,0,0
Socket0,IIO Stack 4 - MCP0,Part0 (1st x16/x8/x4),0,0,0,0,0,0,0,0,0,0,0
Socket0,IIO Stack 4 - MCP0,Part1 (2nd x4),0,0,0,0
Socket0,IIO Stack 4 - MCP0,Part2 (2nd x8/3rd x4),0,0,0,0
Socket0,IIO Stack 4 - MCP0,Part3 (4th x4),0,0,0,0
Socket0,IIO Stack 5 - MCP1,Part0 (1st x16/x8/x4),0,0,0,0,0,0,0,0,0,0,0
Socket0,IIO Stack 5 - MCP1,Part1 (2nd x4),0,0,0,0
Socket0,IIO Stack 5 - MCP1,Part2 (2nd x8/3rd x4),0,0,0,0
Socket0,IIO Stack 5 - MCP1,Part3 (4th x4),0,0,0,0
Socket1,IIO Stack 0 - CBDMA/DMI,Part0 (1st x16/x8/x4),0,0,0,0,0,0,0,0,0,0,0
Socket1,IIO Stack 0 - CBDMA/DMI,Part1 (2nd x4),0,0,0,0
Socket1,IIO Stack 0 - CBDMA/DMI,Part2 (2nd x8/3rd x4),0,0,0,0
Socket1,IIO Stack 0 - CBDMA/DMI,Part3 (4th x4),0,0,0,0
Socket1,IIO Stack 1 - PCIe0,Part0 (1st x16/x8/x4),0,0,0,0,0,0,0,0,0,0,0
Socket1,IIO Stack 1 - PCIe0,Part1 (2nd x4),0,0,0,0
Socket1,IIO Stack 1 - PCIe0,Part2 (2nd x8/3rd x4),0,0,0,0
Socket1,IIO Stack 1 - PCIe0,Part3 (4th x4),0,0,0,0
Socket1,IIO Stack 2 - PCIe1,Part0 (1st x16/x8/x4),0,0,0,0,0,0,0,0,0,0,0
Socket1,IIO Stack 2 - PCIe1,Part1 (2nd x4),0,0,0,0
Socket1,IIO Stack 2 - PCIe1,Part2 (2nd x8/3rd x4),0,0,0,0
Socket1,IIO Stack 2 - PCIe1,Part3 (4th x4),0,0,0,0
Socket1,IIO Stack 3 - PCIe2,Part0 (1st x16/x8/x4),0,0,0,0,0,0,0,0,0,0,0
Socket1,IIO Stack 3 - PCIe2,Part1 (2nd x4),0,0,0,0
Socket1,IIO Stack 3 - PCIe2,Part2 (2nd x8/3rd x4),0,0,0,0
Socket1,IIO Stack 3 - PCIe2,Part3 (4th x4),0,0,0,0
Socket1,IIO Stack 4 - MCP0,Part0 (1st x16/x8/x4),0,0,0,0,0,0,0,0,0,0,0
Socket1,IIO Stack 4 - MCP0,Part1 (2nd x4),0,0,0,0
Socket1,IIO Stack 4 - MCP0,Part2 (2nd x8/3rd x4),0,0,0,0
Socket1,IIO Stack 4 - MCP0,Part3 (4th x4),0,0,0,0
Socket1,IIO Stack 5 - MCP1,Part0 (1st x16/x8/x4),0,0,0,0,0,0,0,0,0,0,0
Socket1,IIO Stack 5 - MCP1,Part1 (2nd x4),0,0,0,0
Socket1,IIO Stack 5 - MCP1,Part2 (2nd x8/3rd x4),0,0,0,0
Socket1,IIO Stack 5 - MCP1,Part3 (4th x4),0,0,0,0
Socket2,IIO Stack 0 - CBDMA/DMI,Part0 (1st x16/x8/x4),0,0,0,0,0,0,0,0,0,0,0
Socket2,IIO Stack 0 - CBDMA/DMI,Part1 (2nd x4),0,0,0,0
Socket2,IIO Stack 0 - CBDMA/DMI,Part2 (2nd x8/3rd x4),0,0,0,0
Socket2,IIO Stack 0 - CBDMA/DMI,Part3 (4th x4),0,0,0,0
Socket2,IIO Stack 1 - PCIe0,Part0 (1st x16/x8/x4),0,0,0,0,0,0,0,0,0,0,0
Socket2,IIO Stack 1 - PCIe0,Part1 (2nd x4),0,0,0,0
Socket2,IIO Stack 1 - PCIe0,Part2 (2nd x8/3rd x4),0,0,0,0
Socket2,IIO Stack 1 - PCIe0,Part3 (4th x4),0,0,0,0
Socket2,IIO Stack 2 - PCIe1,Part0 (1st x16/x8/x4),0,0,0,0,0,0,0,0,0,0,0
Socket2,IIO Stack 2 - PCIe1,Part1 (2nd x4),0,0,0,0
Socket2,IIO Stack 2 - PCIe1,Part2 (2nd x8/3rd x4),0,0,0,0
Socket2,IIO Stack 2 - PCIe1,Part3 (4th x4),0,0,0,0
Socket2,IIO Stack 3 - PCIe2,Part0 (1st x16/x8/x4),0,0,0,0,0,0,0,0,0,0,0
Socket2,IIO Stack 3 - PCIe2,Part1 (2nd x4),0,0,0,0
Socket2,IIO Stack 3 - PCIe2,Part2 (2nd x8/3rd x4),0,0,0,0
Socket2,IIO Stack 3 - PCIe2,Part3 (4th x4),0,0,0,0
Socket2,IIO Stack 4 - MCP0,Part0 (1st x16/x8/x4),0,0,0,0,0,0,0,0,0,0,0
Socket2,IIO Stack 4 - MCP0,Part1 (2nd x4),0,0,0,0
Socket2,IIO Stack 4 - MCP0,Part2 (2nd x8/3rd x4),0,0,0,0
Socket2,IIO Stack 4 - MCP0,Part3 (4th x4),0,0,0,0
Socket2,IIO Stack 5 - MCP1,Part0 (1st x16/x8/x4),0,0,0,0,0,0,0,0,0,0,0
Socket2,IIO Stack 5 - MCP1,Part1 (2nd x4),0,0,0,0
Socket2,IIO Stack 5 - MCP1,Part2 (2nd x8/3rd x4),0,0,0,0
Socket2,IIO Stack 5 - MCP1,Part3 (4th x4),0,0,0,0
Socket3,IIO Stack 0 - CBDMA/DMI,Part0 (1st x16/x8/x4),0,0,0,0,0,0,0,0,0,0,0
Socket3,IIO Stack 0 - CBDMA/DMI,Part1 (2nd x4),0,0,0,0
Socket3,IIO Stack 0 - CBDMA/DMI,Part2 (2nd x8/3rd x4),0,0,0,0
Socket3,IIO Stack 0 - CBDMA/DMI,Part3 (4th x4),0,0,0,0
Socket3,IIO Stack 1 - PCIe0,Part0 (1st x16/x8/x4),0,0,0,0,0,0,0,0,0,0,0
Socket3,IIO Stack 1 - PCIe0,Part1 (2nd x4),0,0,0,0
Socket3,IIO Stack 1 - PCIe0,Part2 (2nd x8/3rd x4),0,0,0,0
Socket3,IIO Stack 1 - PCIe0,Part3 (4th x4),0,0,0,0
Socket3,IIO Stack 2 - PCIe1,Part0 (1st x16/x8/x4),0,0,0,0,0,0,0,0,0,0,0
Socket3,IIO Stack 2 - PCIe1,Part1 (2nd x4),0,0,0,0
Socket3,IIO Stack 2 - PCIe1,Part2 (2nd x8/3rd x4),0,0,0,0
Socket3,IIO Stack 2 - PCIe1,Part3 (4th x4),0,0,0,0
Socket3,IIO Stack 3 - PCIe2,Part0 (1st x16/x8/x4),0,0,0,0,0,0,0,0,0,0,0
Socket3,IIO Stack 3 - PCIe2,Part1 (2nd x4),0,0,0,0
Socket3,IIO Stack 3 - PCIe2,Part2 (2nd x8/3rd x4),0,0,0,0
Socket3,IIO Stack 3 - PCIe2,Part3 (4th x4),0,0,0,0
Socket3,IIO Stack 4 - MCP0,Part0 (1st x16/x8/x4),0,0,0,0,0,0,0,0,0,0,0
Socket3,IIO Stack 4 - MCP0,Part1 (2nd x4),0,0,0,0
Socket3,IIO Stack 4 - MCP0,Part2 (2nd x8/3rd x4),0,0,0,0
Socket3,IIO Stack 4 - MCP0,Part3 (4th x4),0,0,0,0
Socket3,IIO Stack 5 - MCP1,Part0 (1st x16/x8/x4),0,0,0,0,0,0,0,0,0,0,0
Socket3,IIO Stack 5 - MCP1,Part1 (2nd x4),0,0,0,0
Socket3,IIO Stack 5 - MCP1,Part2 (2nd x8/3rd x4),0,0,0,0
Socket3,IIO Stack 5 - MCP1,Part3 (4th x4),0,0,0,0
